{
    "name": "CimaNow",
    "plugin": "plugin.video.matrix",
    "priority": 100,
    "assert": {
        "play_movie": ["title", "year"],
        "play_episode": ["showname", "season", "episode"],
        "search_movie": ["title"],
        "search_episode": ["showname"]
    },
    "is_resolvable": "true",
    "make_playlist": "upnext",
    "fallback": {
        "play_movie": "matrix.json search_movie",
        "play_episode": "matrix.json search_episode",
        "search_movie": "matrix.json search_movie",
        "search_episode": "matrix.json search_episode"
    },
    "play_movie": [
        "plugin://plugin.video.matrix/?site=cimanow&function=showSearch&title=Search+&siteUrl=%2F%2F&sMovieTitle=film&bSilent=True&sFav=showSearch",
        {
            "keyboard": "{title}"
        },
        {
            "title": "(?i)^(\\[.*\\])?.*{title}.*(\\[.*\\])?$",
            "year": "{year}"
        }
    ],
    "play_episode": [
        "plugin://plugin.video.matrix/?site=cimanow&function=showSearch&title=Search+&siteUrl=%2F%2F&sMovieTitle=serie&bSilent=True&sFav=showSearch",
        {
            "keyboard": "{showname}"
        },
        {
            "title": "(?i)^(\\[.*\\])?{showname}(\\[.*\\])?$"
        },
        {
            "return": "true",
            "season": "^{season}$",
            "episode": "^{episode}$"
        },
        {
            "season": "^{season}$"
        },
        {
            "season": "^{season}$",
            "episode": "^{episode}$"
        }
    ],
    "search_movie": [
        "plugin://plugin.video.matrix/?site=cimanow&function=showSearch&title=Search+&siteUrl=%2F%2F&sMovieTitle=film&bSilent=True&sFav=showSearch",
        {
            "keyboard": "{title}"
        }
    ],
    "search_episode": [
        "plugin://plugin.video.matrix/?site=cimanow&function=showSearch&title=Search+&siteUrl=%2F%2F&sMovieTitle=serie&bSilent=True&sFav=showSearch",
        {
            "keyboard": "{showname}"
        }
    ]
}