{
	"name": "Matrix",
	"plugin": "plugin.video.matrix",
	"is_resolvable": "true",
	"make_playlist": "upnext",
	"search_movie": "plugin://plugin.video.matrix/?function=showSearch&sCat=1&site=globalSearch&siteUrl=http%3a%2f%2fvenom&title=Searcg%20(Films)&action=activate&searchtext={title}",
	"search_episode": "plugin://plugin.video.matrix/?function=showSearch&sCat=2&site=globalSearch&siteUrl=http%3a%2f%2fvenom&title=Search%20(S%c3%a9ries%2fAnim%c3%a9s)&action=activate&searchtext={showname}"
}