{
    "name": "YTS.MX [COLORorange](Torrent)[/COLOR]",
    "plugin": "plugin.video.matrix",
    "priority": 4,
    "assert": {
        "play_movie": ["title", "year"],
        "search_movie": ["title"]
    },
    "is_resolvable": "true",
    "make_playlist": "upnext",
    "fallback": {
        "play_movie": "matrix.json search_movie",
        "search_movie": "matrix.json search_movie"
    },
    "play_movie": [
        "plugin://plugin.video.matrix/?site=ytxmx&function=showSearch&title=Search+&siteUrl=%2F%2F&sMovieTitle=film&bSilent=True&sFav=showSearch",
        {
            "keyboard": "{title}"
        },
        {
            "title": "(?i)^(\\[.*\\])?.*{title}.*(\\[.*\\])?$"
        }
    ],

    "search_movie": [
        "plugin://plugin.video.matrix/?site=ytxmx&function=showSearch&title=Search+&siteUrl=%2F%2F&sMovieTitle=film&bSilent=True&sFav=showSearch",
        {
            "keyboard": "{title}"
        }
    ]
}